"rank","name","country","starting_number","total_segment_score","total_element_score","total_component_score","deductions","type","category","base_value","highlight","goe","factor","j1","j2","j3","j4","j5","j6","j7","j8","j9","scores_of_panel"
1,"SHEN Xue / ZHAO Hongbo","CHN",1,76.66,42.42,34.24,NA,"ee","3T",4,0,1.8,NA,"3","2","1","1","2","2","2","3","2",5.8
1,"SHEN Xue / ZHAO Hongbo","CHN",1,76.66,42.42,34.24,NA,"ee","3LzTw1",5,0,1.24,NA,"2","1.4","0.7","1.4","0.7","1.4","2","1.4","0.7",6.24
1,"SHEN Xue / ZHAO Hongbo","CHN",1,76.66,42.42,34.24,NA,"ee","3LoTh",5,0,1.52,NA,"2","1.4","1.4","1.4","2","1.4","1.4","2","1.4",6.52
1,"SHEN Xue / ZHAO Hongbo","CHN",1,76.66,42.42,34.24,NA,"ee","FCCoSp4",3.5,0,0.7,NA,"1","1","1","0.5","1","0.5","0.5","1","0.5",4.2
1,"SHEN Xue / ZHAO Hongbo","CHN",1,76.66,42.42,34.24,NA,"ee","4Li4",4,0,1,NA,"1","1","1","1","1","1","1","1","0.5",5
1,"SHEN Xue / ZHAO Hongbo","CHN",1,76.66,42.42,34.24,NA,"ee","PCoSp4",4.5,0,0.7,NA,"1","1","0.5","0.5","0.5","0.5","1","0.5","1",5.2
1,"SHEN Xue / ZHAO Hongbo","CHN",1,76.66,42.42,34.24,NA,"ee","SlSt3",3.3,0,0.9,NA,"1","1","1","1","0.5","1","1","1","0.5",4.2
1,"SHEN Xue / ZHAO Hongbo","CHN",1,76.66,42.42,34.24,NA,"ee","BoDs3",4,0,1.26,NA,"1.4","0.7","1.4","1.4","0.7","1.4","0.7","1.4","1.4",5.26
1,"SHEN Xue / ZHAO Hongbo","CHN",1,76.66,42.42,34.24,NA,"pc","Skating Skills",NA,NA,NA,0.8,"9.25","9.00","8.50","8.50","8.75","8.75","8.50","9.00","8.25",8.6
1,"SHEN Xue / ZHAO Hongbo","CHN",1,76.66,42.42,34.24,NA,"pc","Transitions / Linking Footwork",NA,NA,NA,0.8,"9.00","9.00","8.25","8.25","8.25","8.50","8.25","8.75","7.50",8.3
1,"SHEN Xue / ZHAO Hongbo","CHN",1,76.66,42.42,34.24,NA,"pc","Performance / Execution",NA,NA,NA,0.8,"9.25","9.50","8.75","8.50","8.50","9.00","8.75","8.75","8.00",8.7
1,"SHEN Xue / ZHAO Hongbo","CHN",1,76.66,42.42,34.24,NA,"pc","Choreography / Composition",NA,NA,NA,0.8,"9.50","9.25","8.50","8.50","8.50","8.75","8.75","8.50","7.75",8.6
1,"SHEN Xue / ZHAO Hongbo","CHN",1,76.66,42.42,34.24,NA,"pc","Interpretation",NA,NA,NA,0.8,"9.25","9.25","8.50","8.25","8.75","8.75","8.75","9.00","7.75",8.6
1,"SHEN Xue / ZHAO Hongbo","CHN",1,76.66,42.42,34.24,0,"ded",NA,NA,NA,NA,NA,NA,NA,NA,NA,NA,NA,NA,NA,NA,NA
2,"SAVCHENKO Aliona / SZOLKOWY Robin","GER",20,75.96,42.24,33.72,NA,"ee","3FTh",5.5,0,1.64,NA,"2","1.4","2","1.4","1.4","2","1.4","2","1.4",7.14
2,"SAVCHENKO Aliona / SZOLKOWY Robin","GER",20,75.96,42.24,33.72,NA,"ee","3T",4,0,1.2,NA,"1","1","2","1","1","1","2","2","2",5.2
2,"SAVCHENKO Aliona / SZOLKOWY Robin","GER",20,75.96,42.24,33.72,NA,"ee","3LzTw1",5,0,0.84,NA,"0.7","0.7","1.4","1.4","0.7","-1.4","0.7","1.4","-1.4",5.84
2,"SAVCHENKO Aliona / SZOLKOWY Robin","GER",20,75.96,42.24,33.72,NA,"ee","FCCoSp4",3.5,0,0.5,NA,"-0.3","0.5","1","1","0","0.5","0.5","1","0",4
2,"SAVCHENKO Aliona / SZOLKOWY Robin","GER",20,75.96,42.24,33.72,NA,"ee","PCoSp4",4.5,0,0.8,NA,"0","1","1","1","0.5","0.5","1","1","1",5.3
2,"SAVCHENKO Aliona / SZOLKOWY Robin","GER",20,75.96,42.24,33.72,NA,"ee","BoDs4",4.5,0,1.26,NA,"0.7","1.4","1.4","0.7","1.4","1.4","1.4","1.4","1.4",5.76
2,"SAVCHENKO Aliona / SZOLKOWY Robin","GER",20,75.96,42.24,33.72,NA,"ee","SlSt3",3.3,0,0.8,NA,"1","0.5","1","0.5","0.5","1","1","1.5","0.5",4.1
2,"SAVCHENKO Aliona / SZOLKOWY Robin","GER",20,75.96,42.24,33.72,NA,"ee","4Li4",4,0,0.9,NA,"1","1","1","1","0.5","1","0.5","1","0.5",4.9
2,"SAVCHENKO Aliona / SZOLKOWY Robin","GER",20,75.96,42.24,33.72,NA,"pc","Skating Skills",NA,NA,NA,0.8,"8.25","8.75","8.75","8.50","8.25","8.00","8.25","9.00","9.00",8.4
2,"SAVCHENKO Aliona / SZOLKOWY Robin","GER",20,75.96,42.24,33.72,NA,"pc","Transitions / Linking Footwork",NA,NA,NA,0.8,"8.50","8.25","8.75","8.25","8.00","8.00","8.25","9.50","9.00",8.25
2,"SAVCHENKO Aliona / SZOLKOWY Robin","GER",20,75.96,42.24,33.72,NA,"pc","Performance / Execution",NA,NA,NA,0.8,"8.75","8.50","9.00","8.50","8.25","8.50","8.50","9.50","9.25",8.55
2,"SAVCHENKO Aliona / SZOLKOWY Robin","GER",20,75.96,42.24,33.72,NA,"pc","Choreography / Composition",NA,NA,NA,0.8,"8.50","8.50","9.25","8.50","8.50","8.00","8.50","9.00","9.50",8.5
2,"SAVCHENKO Aliona / SZOLKOWY Robin","GER",20,75.96,42.24,33.72,NA,"pc","Interpretation",NA,NA,NA,0.8,"8.75","8.50","9.00","8.50","8.25","8.25","8.25","9.50","9.00",8.45
2,"SAVCHENKO Aliona / SZOLKOWY Robin","GER",20,75.96,42.24,33.72,0,"ded",NA,NA,NA,NA,NA,NA,NA,NA,NA,NA,NA,NA,NA,NA,NA
3,"KAVAGUTI Yuko / SMIRNOV Alexander","RUS",16,74.16,40.92,33.24,NA,"ee","3T",4,0,1.6,NA,"1","2","2","2","1","2","2","2","1",5.6
3,"KAVAGUTI Yuko / SMIRNOV Alexander","RUS",16,74.16,40.92,33.24,NA,"ee","3LzTw1",5,0,0.7,NA,"0.7","0.7","1.4","0.7","0.7","-1.4","0","0.7","1.4",5.7
3,"KAVAGUTI Yuko / SMIRNOV Alexander","RUS",16,74.16,40.92,33.24,NA,"ee","3LoTh",5,0,0.98,NA,"0","2","1.4","1.4","0.7","0.7","0.7","0.7","1.4",5.98
3,"KAVAGUTI Yuko / SMIRNOV Alexander","RUS",16,74.16,40.92,33.24,NA,"ee","4Li4",4,0,0.9,NA,"0.5","1","1","1","0.5","0.5","1","1","1",4.9
3,"KAVAGUTI Yuko / SMIRNOV Alexander","RUS",16,74.16,40.92,33.24,NA,"ee","SlSt3",3.3,0,0.7,NA,"0","0.5","1","1","1","1","1","0.5","0.5",4
3,"KAVAGUTI Yuko / SMIRNOV Alexander","RUS",16,74.16,40.92,33.24,NA,"ee","BoDs4",4.5,0,0.84,NA,"0","1.4","1.4","0.7","0.7","0.7","0.7","1.4","0.7",5.34
3,"KAVAGUTI Yuko / SMIRNOV Alexander","RUS",16,74.16,40.92,33.24,NA,"ee","FCCoSp3",3,0,0.9,NA,"0.5","1","1","1","1","1","0.5","1","1",3.9
3,"KAVAGUTI Yuko / SMIRNOV Alexander","RUS",16,74.16,40.92,33.24,NA,"ee","PCoSp4",4.5,0,1,NA,"0.5","1","1","1","1","0.5","1","1","1",5.5
3,"KAVAGUTI Yuko / SMIRNOV Alexander","RUS",16,74.16,40.92,33.24,NA,"pc","Skating Skills",NA,NA,NA,0.8,"7.25","8.50","8.75","8.25","8.00","7.75","8.25","8.25","8.50",8.25
3,"KAVAGUTI Yuko / SMIRNOV Alexander","RUS",16,74.16,40.92,33.24,NA,"pc","Transitions / Linking Footwork",NA,NA,NA,0.8,"6.75","8.50","8.75","8.00","8.25","7.00","8.00","8.00","8.25",8.1
3,"KAVAGUTI Yuko / SMIRNOV Alexander","RUS",16,74.16,40.92,33.24,NA,"pc","Performance / Execution",NA,NA,NA,0.8,"7.00","8.75","8.75","8.75","8.50","8.25","8.25","8.25","8.50",8.45
3,"KAVAGUTI Yuko / SMIRNOV Alexander","RUS",16,74.16,40.92,33.24,NA,"pc","Choreography / Composition",NA,NA,NA,0.8,"7.25","8.50","9.00","8.25","8.25","8.00","8.50","8.00","8.75",8.3
3,"KAVAGUTI Yuko / SMIRNOV Alexander","RUS",16,74.16,40.92,33.24,NA,"pc","Interpretation",NA,NA,NA,0.8,"6.75","8.50","9.00","8.50","8.75","8.25","8.50","8.25","8.50",8.45
3,"KAVAGUTI Yuko / SMIRNOV Alexander","RUS",16,74.16,40.92,33.24,0,"ded",NA,NA,NA,NA,NA,NA,NA,NA,NA,NA,NA,NA,NA,NA,NA
4,"PANG Qing / TONG Jian","CHN",18,71.5,39.9,32.6,NA,"ee","3T",4,0,1.4,NA,"2","0","1","2","2","2","2","1","1",5.4
4,"PANG Qing / TONG Jian","CHN",18,71.5,39.9,32.6,NA,"ee","3LzTw1",5,0,1.4,NA,"1.4","0.7","1.4","1.4","1.4","2","1.4","1.4","1.4",6.4
4,"PANG Qing / TONG Jian","CHN",18,71.5,39.9,32.6,NA,"ee","3LoTh",5,0,1.64,NA,"2","1.4","1.4","2","2","2","2","1.4","1.4",6.64
4,"PANG Qing / TONG Jian","CHN",18,71.5,39.9,32.6,NA,"ee","BoDs1",3,0,0.56,NA,"0.7","0.7","0","0.7","0.7","1.4","0.7","0.7","0",3.56
4,"PANG Qing / TONG Jian","CHN",18,71.5,39.9,32.6,NA,"ee","FCCoSp4",3.5,0,0.6,NA,"1","0.5","0","1","0.5","1","1","0.5","0.5",4.1
4,"PANG Qing / TONG Jian","CHN",18,71.5,39.9,32.6,NA,"ee","4Li4",4,0,0.8,NA,"1","0.5","1","0.5","0.5","1","1","1","0.5",4.8
4,"PANG Qing / TONG Jian","CHN",18,71.5,39.9,32.6,NA,"ee","SlSt3",3.3,0,0.6,NA,"1.5","0.5","0","1","0.5","0.5","1","0.5","1",3.9
4,"PANG Qing / TONG Jian","CHN",18,71.5,39.9,32.6,NA,"ee","PCoSp4",4.5,0,0.6,NA,"1","0.5","0","1","0.5","0.5","1","0.5","1",5.1
4,"PANG Qing / TONG Jian","CHN",18,71.5,39.9,32.6,NA,"pc","Skating Skills",NA,NA,NA,0.8,"8.75","8.00","7.50","8.75","8.25","8.50","9.00","8.25","8.25",8.25
4,"PANG Qing / TONG Jian","CHN",18,71.5,39.9,32.6,NA,"pc","Transitions / Linking Footwork",NA,NA,NA,0.8,"8.50","7.50","7.25","8.75","7.75","8.25","8.75","8.00","8.00",7.9
4,"PANG Qing / TONG Jian","CHN",18,71.5,39.9,32.6,NA,"pc","Performance / Execution",NA,NA,NA,0.8,"9.25","8.00","7.75","9.25","8.00","8.50","8.75","8.25","8.50",8.25
4,"PANG Qing / TONG Jian","CHN",18,71.5,39.9,32.6,NA,"pc","Choreography / Composition",NA,NA,NA,0.8,"9.00","8.00","7.00","9.00","8.00","8.25","9.00","8.25","8.25",8.15
4,"PANG Qing / TONG Jian","CHN",18,71.5,39.9,32.6,NA,"pc","Interpretation",NA,NA,NA,0.8,"9.00","8.00","7.50","9.00","8.00","8.50","9.00","8.00","8.50",8.2
4,"PANG Qing / TONG Jian","CHN",18,71.5,39.9,32.6,-1,"ded",NA,NA,NA,NA,NA,NA,NA,NA,NA,NA,NA,NA,NA,NA,NA
5,"ZHANG Dan / ZHANG Hao","CHN",19,71.28,41.08,30.2,NA,"ee","3LzTw1",5,0,1.88,NA,"1.4","0.7","2","2","1.4","2","2","2","2",6.88
5,"ZHANG Dan / ZHANG Hao","CHN",19,71.28,41.08,30.2,NA,"ee","3LoTh",5,0,1.4,NA,"1.4","1.4","1.4","1.4","1.4","1.4","1.4","1.4","1.4",6.4
5,"ZHANG Dan / ZHANG Hao","CHN",19,71.28,41.08,30.2,NA,"ee","3S",4.5,0,1.4,NA,"1","0","1","2","1","1","2","2","2",5.9
5,"ZHANG Dan / ZHANG Hao","CHN",19,71.28,41.08,30.2,NA,"ee","PCoSp4",4.5,0,0.5,NA,"0.5","0.5","0","0.5","0.5","0.5","1","0.5","0.5",5
5,"ZHANG Dan / ZHANG Hao","CHN",19,71.28,41.08,30.2,NA,"ee","4Li4",4,0,1,NA,"1","0.5","1","1","1","1","1.5","1","1.5",5
5,"ZHANG Dan / ZHANG Hao","CHN",19,71.28,41.08,30.2,NA,"ee","FCCoSp4",3.5,0,0.1,NA,"-0.3","0","0","0","0","-0.6","0","0.5","0.5",3.6
5,"ZHANG Dan / ZHANG Hao","CHN",19,71.28,41.08,30.2,NA,"ee","SlSt3",3.3,0,0.3,NA,"0","0","0","0.5","0.5","0.5","0.5","0","0.5",3.6
5,"ZHANG Dan / ZHANG Hao","CHN",19,71.28,41.08,30.2,NA,"ee","BoDs3",4,0,0.7,NA,"0.7","0.7","0.7","0.7","0.7","0","0.7","0.7","0.7",4.7
5,"ZHANG Dan / ZHANG Hao","CHN",19,71.28,41.08,30.2,NA,"pc","Skating Skills",NA,NA,NA,0.8,"8.00","8.00","7.00","8.25","8.50","7.50","8.50","7.75","7.00",7.7
5,"ZHANG Dan / ZHANG Hao","CHN",19,71.28,41.08,30.2,NA,"pc","Transitions / Linking Footwork",NA,NA,NA,0.8,"8.00","7.50","6.75","8.00","8.00","7.50","8.50","7.25","6.75",7.4
5,"ZHANG Dan / ZHANG Hao","CHN",19,71.28,41.08,30.2,NA,"pc","Performance / Execution",NA,NA,NA,0.8,"8.25","7.50","7.00","8.00","8.50","7.25","8.50","7.75","7.25",7.55
5,"ZHANG Dan / ZHANG Hao","CHN",19,71.28,41.08,30.2,NA,"pc","Choreography / Composition",NA,NA,NA,0.8,"8.50","7.75","7.25","8.25","8.25","7.50","8.75","7.50","6.50",7.65
5,"ZHANG Dan / ZHANG Hao","CHN",19,71.28,41.08,30.2,NA,"pc","Interpretation",NA,NA,NA,0.8,"8.00","7.50","7.25","8.00","8.25","7.25","8.50","7.25","7.00",7.45
5,"ZHANG Dan / ZHANG Hao","CHN",19,71.28,41.08,30.2,0,"ded",NA,NA,NA,NA,NA,NA,NA,NA,NA,NA,NA,NA,NA,NA,NA
6,"DUBE Jessica / DAVISON Bryce","CAN",17,65.36,36.16,30.2,NA,"ee","3LzTw1",5,0,0.56,NA,"0","0","0.7","0.7","0.7","0.7","0.7","-1.4","1.4",5.56
6,"DUBE Jessica / DAVISON Bryce","CAN",17,65.36,36.16,30.2,NA,"ee","4Li4",4,0,0.9,NA,"1","0.5","1.5","1","1","0.5","1","1","1.5",4.9
6,"DUBE Jessica / DAVISON Bryce","CAN",17,65.36,36.16,30.2,NA,"ee","3S",4.5,0,-3,NA,"-3","-3","-3","-3","-3","-3","-3","-3","-2",1.5
6,"DUBE Jessica / DAVISON Bryce","CAN",17,65.36,36.16,30.2,NA,"ee","PCoSp4",4.5,0,0.7,NA,"1","0.5","1","1","0.5","0.5","0.5","1","1",5.2
6,"DUBE Jessica / DAVISON Bryce","CAN",17,65.36,36.16,30.2,NA,"ee","3LoTh",5,0,1.12,NA,"1.4","0","0.7","1.4","0.7","1.4","1.4","0.7","1.4",6.12
6,"DUBE Jessica / DAVISON Bryce","CAN",17,65.36,36.16,30.2,NA,"ee","BoDs3",4,0,0.98,NA,"1.4","0.7","1.4","0","1.4","0.7","0.7","0.7","1.4",4.98
6,"DUBE Jessica / DAVISON Bryce","CAN",17,65.36,36.16,30.2,NA,"ee","SlSt3",3.3,0,0.5,NA,"1","0.5","1","0.5","0","0","0.5","0.5","0.5",3.8
6,"DUBE Jessica / DAVISON Bryce","CAN",17,65.36,36.16,30.2,NA,"ee","FCCoSp4",3.5,0,0.6,NA,"1","0","0.5","1","0.5","0.5","0.5","1","1",4.1
6,"DUBE Jessica / DAVISON Bryce","CAN",17,65.36,36.16,30.2,NA,"pc","Skating Skills",NA,NA,NA,0.8,"7.75","7.50","8.00","7.50","7.25","7.25","8.00","7.50","8.50",7.6
6,"DUBE Jessica / DAVISON Bryce","CAN",17,65.36,36.16,30.2,NA,"pc","Transitions / Linking Footwork",NA,NA,NA,0.8,"7.50","7.00","8.00","7.50","7.00","6.75","7.50","7.50","8.50",7.3
6,"DUBE Jessica / DAVISON Bryce","CAN",17,65.36,36.16,30.2,NA,"pc","Performance / Execution",NA,NA,NA,0.8,"8.00","7.00","8.50","8.00","7.25","7.00","7.75","7.50","8.75",7.6
6,"DUBE Jessica / DAVISON Bryce","CAN",17,65.36,36.16,30.2,NA,"pc","Choreography / Composition",NA,NA,NA,0.8,"8.00","7.50","8.25","7.75","7.00","7.00","8.00","7.75","8.75",7.65
6,"DUBE Jessica / DAVISON Bryce","CAN",17,65.36,36.16,30.2,NA,"pc","Interpretation",NA,NA,NA,0.8,"7.75","7.25","8.50","8.00","7.25","6.75","7.75","8.00","8.75",7.6
6,"DUBE Jessica / DAVISON Bryce","CAN",17,65.36,36.16,30.2,-1,"ded",NA,NA,NA,NA,NA,NA,NA,NA,NA,NA,NA,NA,NA,NA,NA
7,"LANGLOIS Anabelle / HAY Cody","CAN",9,64.2,37.6,26.6,NA,"ee","3T",4,0,1.2,NA,"1","1","1","2","1","2","2","1","1",5.2
7,"LANGLOIS Anabelle / HAY Cody","CAN",9,64.2,37.6,26.6,NA,"ee","2FTw3",4,0,0.7,NA,"0.5","0","0.5","1","1","0.5","1","0","1",4.7
7,"LANGLOIS Anabelle / HAY Cody","CAN",9,64.2,37.6,26.6,NA,"ee","3LzTh",5.5,0,0.84,NA,"0","0.7","0.7","1.4","0.7","1.4","1.4","0","0.7",6.34
7,"LANGLOIS Anabelle / HAY Cody","CAN",9,64.2,37.6,26.6,NA,"ee","BoDs3",4,0,0.56,NA,"0.7","0","0","1.4","0.7","0.7","0.7","1.4","1.4",4.56
7,"LANGLOIS Anabelle / HAY Cody","CAN",9,64.2,37.6,26.6,NA,"ee","FCCoSp4",3.5,0,0.3,NA,"0","0.5","0.5","0.5","0.5","0","0","0.5","0.5",3.8
7,"LANGLOIS Anabelle / HAY Cody","CAN",9,64.2,37.6,26.6,NA,"ee","CiSt3",3.3,0,0.2,NA,"0","0","0","0.5","0","0.5","0.5","0.5","1",3.5
7,"LANGLOIS Anabelle / HAY Cody","CAN",9,64.2,37.6,26.6,NA,"ee","4Li4",4,0,0.6,NA,"0","1","0","1","0.5","0.5","1","0.5","1.5",4.6
7,"LANGLOIS Anabelle / HAY Cody","CAN",9,64.2,37.6,26.6,NA,"ee","PCoSp4",4.5,0,0.4,NA,"0.5","0","0","0.5","0.5","0.5","0.5","0.5","0.5",4.9
7,"LANGLOIS Anabelle / HAY Cody","CAN",9,64.2,37.6,26.6,NA,"pc","Skating Skills",NA,NA,NA,0.8,"6.50","7.25","6.25","7.25","6.25","6.75","6.75","6.50","7.50",6.7
7,"LANGLOIS Anabelle / HAY Cody","CAN",9,64.2,37.6,26.6,NA,"pc","Transitions / Linking Footwork",NA,NA,NA,0.8,"6.25","7.00","6.00","7.25","6.00","6.00","6.25","6.25","7.25",6.3
7,"LANGLOIS Anabelle / HAY Cody","CAN",9,64.2,37.6,26.6,NA,"pc","Performance / Execution",NA,NA,NA,0.8,"6.75","7.25","6.25","7.75","6.50","6.75","6.50","6.50","7.50",6.75
7,"LANGLOIS Anabelle / HAY Cody","CAN",9,64.2,37.6,26.6,NA,"pc","Choreography / Composition",NA,NA,NA,0.8,"6.50","7.25","6.25","7.75","6.75","6.50","7.00","6.75","7.50",6.8
7,"LANGLOIS Anabelle / HAY Cody","CAN",9,64.2,37.6,26.6,NA,"pc","Interpretation",NA,NA,NA,0.8,"6.50","7.25","6.00","7.75","6.50","6.25","7.00","6.75","7.50",6.7
7,"LANGLOIS Anabelle / HAY Cody","CAN",9,64.2,37.6,26.6,0,"ded",NA,NA,NA,NA,NA,NA,NA,NA,NA,NA,NA,NA,NA,NA,NA
8,"MUKHORTOVA Maria / TRANKOV Maxim","RUS",14,63.44,34.24,30.2,NA,"ee","3LzTw1",5,0,1.12,NA,"1.4","1.4","0.7","1.4","0.7","0.7","1.4","1.4","0.7",6.12
8,"MUKHORTOVA Maria / TRANKOV Maxim","RUS",14,63.44,34.24,30.2,NA,"ee","3T",4,0,-3,NA,"-3","-3","-3","-3","-3","-3","-3","-3","-3",1
8,"MUKHORTOVA Maria / TRANKOV Maxim","RUS",14,63.44,34.24,30.2,NA,"ee","3LoTh",5,0,1.4,NA,"1.4","1.4","1.4","1.4","0.7","1.4","1.4","1.4","0.7",6.4
8,"MUKHORTOVA Maria / TRANKOV Maxim","RUS",14,63.44,34.24,30.2,NA,"ee","BoDs3",4,0,0.42,NA,"0.7","0.7","0.7","0","0","0.7","0","1.4","0.7",4.42
8,"MUKHORTOVA Maria / TRANKOV Maxim","RUS",14,63.44,34.24,30.2,NA,"ee","FCCoSp4",3.5,0,0.1,NA,"0","0.5","0.5","0","0","0","0","0.5","-0.6",3.6
8,"MUKHORTOVA Maria / TRANKOV Maxim","RUS",14,63.44,34.24,30.2,NA,"ee","4Li4",4,0,0.6,NA,"0.5","1","0.5","0.5","0","0.5","1","1","0.5",4.6
8,"MUKHORTOVA Maria / TRANKOV Maxim","RUS",14,63.44,34.24,30.2,NA,"ee","SlSt3",3.3,0,0.4,NA,"0.5","0.5","0","0.5","0","0.5","0.5","0.5","0.5",3.7
8,"MUKHORTOVA Maria / TRANKOV Maxim","RUS",14,63.44,34.24,30.2,NA,"ee","PCoSp3",4,0,0.4,NA,"0.5","0.5","0.5","0","0","0.5","0.5","1","0",4.4
8,"MUKHORTOVA Maria / TRANKOV Maxim","RUS",14,63.44,34.24,30.2,NA,"pc","Skating Skills",NA,NA,NA,0.8,"8.25","8.00","7.25","7.75","6.50","8.00","7.25","8.50","7.00",7.65
8,"MUKHORTOVA Maria / TRANKOV Maxim","RUS",14,63.44,34.24,30.2,NA,"pc","Transitions / Linking Footwork",NA,NA,NA,0.8,"8.00","7.75","7.00","7.50","6.00","7.50","7.25","8.50","6.75",7.4
8,"MUKHORTOVA Maria / TRANKOV Maxim","RUS",14,63.44,34.24,30.2,NA,"pc","Performance / Execution",NA,NA,NA,0.8,"7.75","8.00","7.00","7.00","6.25","8.00","7.75","8.50","6.75",7.5
8,"MUKHORTOVA Maria / TRANKOV Maxim","RUS",14,63.44,34.24,30.2,NA,"pc","Choreography / Composition",NA,NA,NA,0.8,"8.50","8.25","7.25","7.75","5.75","7.75","7.25","8.75","7.00",7.65
8,"MUKHORTOVA Maria / TRANKOV Maxim","RUS",14,63.44,34.24,30.2,NA,"pc","Interpretation",NA,NA,NA,0.8,"8.50","8.00","7.25","7.25","6.00","7.50","7.75","8.50","7.50",7.55
8,"MUKHORTOVA Maria / TRANKOV Maxim","RUS",14,63.44,34.24,30.2,-1,"ded",NA,NA,NA,NA,NA,NA,NA,NA,NA,NA,NA,NA,NA,NA,NA
9,"VOLOSOZHAR Tatiana / MOROZOV Stanislav","UKR",15,62.14,34.62,27.52,NA,"ee","3T",4,0,-2.6,NA,"-3","-2","-3","-3","-2","-3","-2","-2","-3",1.4
9,"VOLOSOZHAR Tatiana / MOROZOV Stanislav","UKR",15,62.14,34.62,27.52,NA,"ee","3LzTw2",5.5,0,1.52,NA,"2","1.4","0.7","1.4","1.4","1.4","1.4","2","0",7.02
9,"VOLOSOZHAR Tatiana / MOROZOV Stanislav","UKR",15,62.14,34.62,27.52,NA,"ee","4Li4",4,0,0.8,NA,"1","0.5","0.5","1","1","0.5","0.5","1","0",4.8
9,"VOLOSOZHAR Tatiana / MOROZOV Stanislav","UKR",15,62.14,34.62,27.52,NA,"ee","3LoTh",5,0,1.26,NA,"1.4","1.4","0.7","0.7","2","0.7","1.4","1.4","1.4",6.26
9,"VOLOSOZHAR Tatiana / MOROZOV Stanislav","UKR",15,62.14,34.62,27.52,NA,"ee","FCCoSp4",3.5,0,0.5,NA,"0.5","0.5","1","0.5","1","0","0.5","0.5","0.5",4
9,"VOLOSOZHAR Tatiana / MOROZOV Stanislav","UKR",15,62.14,34.62,27.52,NA,"ee","PCoSp4",4.5,0,0.3,NA,"0.5","0","0.5","0","0.5","0.5","1","0.5","0",4.8
9,"VOLOSOZHAR Tatiana / MOROZOV Stanislav","UKR",15,62.14,34.62,27.52,NA,"ee","SlSt1",1.8,0,0.2,NA,"0.5","0","0","0","0","0.5","0.5","0","0.5",2
9,"VOLOSOZHAR Tatiana / MOROZOV Stanislav","UKR",15,62.14,34.62,27.52,NA,"ee","BoDs2",3.5,0,0.84,NA,"0.7","1.4","0.7","0.7","1.4","0.7","0.7","0.7","0.7",4.34
9,"VOLOSOZHAR Tatiana / MOROZOV Stanislav","UKR",15,62.14,34.62,27.52,NA,"pc","Skating Skills",NA,NA,NA,0.8,"8.00","6.50","6.75","7.00","6.50","7.75","8.00","7.00","7.00",7.05
9,"VOLOSOZHAR Tatiana / MOROZOV Stanislav","UKR",15,62.14,34.62,27.52,NA,"pc","Transitions / Linking Footwork",NA,NA,NA,0.8,"7.75","6.25","6.25","6.00","6.75","7.25","7.50","6.75","6.50",6.7
9,"VOLOSOZHAR Tatiana / MOROZOV Stanislav","UKR",15,62.14,34.62,27.52,NA,"pc","Performance / Execution",NA,NA,NA,0.8,"7.50","6.00","6.50","6.50","6.50","7.25","7.75","6.75","7.25",6.85
9,"VOLOSOZHAR Tatiana / MOROZOV Stanislav","UKR",15,62.14,34.62,27.52,NA,"pc","Choreography / Composition",NA,NA,NA,0.8,"8.00","6.25","6.75","6.75","6.75","7.50","8.00","7.00","7.00",7
9,"VOLOSOZHAR Tatiana / MOROZOV Stanislav","UKR",15,62.14,34.62,27.52,NA,"pc","Interpretation",NA,NA,NA,0.8,"8.00","6.25","6.50","6.50","6.50","7.50","7.75","6.75","6.75",6.8
9,"VOLOSOZHAR Tatiana / MOROZOV Stanislav","UKR",15,62.14,34.62,27.52,0,"ded",NA,NA,NA,NA,NA,NA,NA,NA,NA,NA,NA,NA,NA,NA,NA
10," EVORA Amanda / LADWIG Mark","USA",8,57.86,33.1,24.76,NA,"ee","3LzTw1",5,0,0.42,NA,"-0.7","0","0.7","0.7","1.4","0.7","0","0.7","1.4",5.42
10," EVORA Amanda / LADWIG Mark","USA",8,57.86,33.1,24.76,NA,"ee","3T",4,0,0,NA,"0","0","0","0","0","0","0","0","1",4
10," EVORA Amanda / LADWIG Mark","USA",8,57.86,33.1,24.76,NA,"ee","3LoTh",5,0,0.7,NA,"0.7","0.7","1.4","0.7","0.7","0.7","0.7","0.7","0.7",5.7
10," EVORA Amanda / LADWIG Mark","USA",8,57.86,33.1,24.76,NA,"ee","CCoSp3",3,0,0.4,NA,"1","0","1","0","1","0.5","0","0.5","1",3.4
10," EVORA Amanda / LADWIG Mark","USA",8,57.86,33.1,24.76,NA,"ee","CiSt2",2.3,0,0.1,NA,"0","0","0.5","0","0.5","0","0","0.5","0.5",2.4
10," EVORA Amanda / LADWIG Mark","USA",8,57.86,33.1,24.76,NA,"ee","4Li4",4,0,0.4,NA,"0","-0.5","1","0.5","0.5","0.5","0.5","0.5","1",4.4
10," EVORA Amanda / LADWIG Mark","USA",8,57.86,33.1,24.76,NA,"ee","BoDs1",3,0,0.28,NA,"0","0.7","0.7","0","0.7","0","0","0.7","1.4",3.28
10," EVORA Amanda / LADWIG Mark","USA",8,57.86,33.1,24.76,NA,"ee","PCoSp4",4.5,0,0,NA,"0","0","0","0.5","0","0","0","0","0.5",4.5
10," EVORA Amanda / LADWIG Mark","USA",8,57.86,33.1,24.76,NA,"pc","Skating Skills",NA,NA,NA,0.8,"5.50","6.25","7.50","6.75","6.00","6.25","6.75","6.25","6.00",6.3
10," EVORA Amanda / LADWIG Mark","USA",8,57.86,33.1,24.76,NA,"pc","Transitions / Linking Footwork",NA,NA,NA,0.8,"5.00","5.75","7.00","6.25","5.75","6.00","6.75","6.00","6.25",5.95
10," EVORA Amanda / LADWIG Mark","USA",8,57.86,33.1,24.76,NA,"pc","Performance / Execution",NA,NA,NA,0.8,"6.00","6.00","7.25","6.50","6.50","6.25","6.75","6.50","6.50",6.35
10," EVORA Amanda / LADWIG Mark","USA",8,57.86,33.1,24.76,NA,"pc","Choreography / Composition",NA,NA,NA,0.8,"5.00","6.00","7.00","6.50","5.75","6.50","7.00","6.25","6.25",6.2
10," EVORA Amanda / LADWIG Mark","USA",8,57.86,33.1,24.76,NA,"pc","Interpretation",NA,NA,NA,0.8,"4.75","5.75","7.25","6.50","6.00","6.25","7.00","6.25","6.50",6.15
10," EVORA Amanda / LADWIG Mark","USA",8,57.86,33.1,24.76,0,"ded",NA,NA,NA,NA,NA,NA,NA,NA,NA,NA,NA,NA,NA,NA,NA
11," DELLA MONICA Nicole / KOCON Yannick","ITA",11,56.82,31.9,24.92,NA,"ee","3S",4.5,0,1.4,NA,"2","2","2","1","2","2","1","1","1",5.9
11," DELLA MONICA Nicole / KOCON Yannick","ITA",11,56.82,31.9,24.92,NA,"ee","4Li4",4,0,0.4,NA,"1","0","0.5","0","0.5","1","1","0.5","0",4.4
11," DELLA MONICA Nicole / KOCON Yannick","ITA",11,56.82,31.9,24.92,NA,"ee","3STh",4.5,0,-1.4,NA,"-1.4","-1.4","-2","-1.4","-0.7","-1.4","-1.4","-1.4","-1.4",3.1
11," DELLA MONICA Nicole / KOCON Yannick","ITA",11,56.82,31.9,24.92,NA,"ee","BoDs2",3.5,0,0,NA,"0","0","-0.7","0","0.7","0.7","0","-0.7","0",3.5
11," DELLA MONICA Nicole / KOCON Yannick","ITA",11,56.82,31.9,24.92,NA,"ee","2LzTw1",3,0,0.2,NA,"0.5","0","0","0","1","0.5","0.5","0","0",3.2
11," DELLA MONICA Nicole / KOCON Yannick","ITA",11,56.82,31.9,24.92,NA,"ee","FCCoSp3",3,0,0.1,NA,"0","0.5","0.5","0","0.5","1","0","0","0",3.1
11," DELLA MONICA Nicole / KOCON Yannick","ITA",11,56.82,31.9,24.92,NA,"ee","PCoSp4",4.5,0,0.5,NA,"0","0.5","1","0.5","0.5","0.5","0.5","0.5","0.5",5
11," DELLA MONICA Nicole / KOCON Yannick","ITA",11,56.82,31.9,24.92,NA,"ee","SlSt3",3.3,0,0.4,NA,"0","0.5","0","0.5","1.5","1","0.5","0.5","0",3.7
11," DELLA MONICA Nicole / KOCON Yannick","ITA",11,56.82,31.9,24.92,NA,"pc","Skating Skills",NA,NA,NA,0.8,"6.25","6.25","6.50","6.25","6.75","7.25","7.00","6.25","6.50",6.4
11," DELLA MONICA Nicole / KOCON Yannick","ITA",11,56.82,31.9,24.92,NA,"pc","Transitions / Linking Footwork",NA,NA,NA,0.8,"6.00","5.75","6.00","5.75","6.50","6.75","6.50","6.00","6.25",6.1
11," DELLA MONICA Nicole / KOCON Yannick","ITA",11,56.82,31.9,24.92,NA,"pc","Performance / Execution",NA,NA,NA,0.8,"6.25","6.00","5.75","5.75","7.00","7.00","6.25","5.50","6.50",6.15
11," DELLA MONICA Nicole / KOCON Yannick","ITA",11,56.82,31.9,24.92,NA,"pc","Choreography / Composition",NA,NA,NA,0.8,"6.25","6.25","6.25","6.25","6.75","7.25","6.50","5.25","6.75",6.4
11," DELLA MONICA Nicole / KOCON Yannick","ITA",11,56.82,31.9,24.92,NA,"pc","Interpretation",NA,NA,NA,0.8,"6.00","6.00","6.00","5.75","6.75","7.00","6.00","5.50","6.75",6.1
11," DELLA MONICA Nicole / KOCON Yannick","ITA",11,56.82,31.9,24.92,0,"ded",NA,NA,NA,NA,NA,NA,NA,NA,NA,NA,NA,NA,NA,NA,NA
12," BAZAROVA Vera / LARIONOV Yuri","RUS",7,56.54,31.74,24.8,NA,"ee","3T",4,0,-1.2,NA,"-1","0","-2","0","-2","-1","-2","-2","-2",2.8
12," BAZAROVA Vera / LARIONOV Yuri","RUS",7,56.54,31.74,24.8,NA,"ee","3LzTw2",5.5,0,0.98,NA,"0.7","1.4","0.7","0","0","0.7","1.4","1.4","1.4",6.48
12," BAZAROVA Vera / LARIONOV Yuri","RUS",7,56.54,31.74,24.8,NA,"ee","3LoTh",5,0,0.56,NA,"0.7","0.7","0","0.7","0","1.4","0","1.4","0.7",5.56
12," BAZAROVA Vera / LARIONOV Yuri","RUS",7,56.54,31.74,24.8,NA,"ee","4Li4",4,0,0.4,NA,"0.5","0.5","0","0.5","0.5","0","0.5","1","1",4.4
12," BAZAROVA Vera / LARIONOV Yuri","RUS",7,56.54,31.74,24.8,NA,"ee","BoDs1",3,0,0,NA,"0","0","0","0","0.7","0.7","-0.7","0.7","0",3
12," BAZAROVA Vera / LARIONOV Yuri","RUS",7,56.54,31.74,24.8,NA,"ee","FCCoSp3",3,0,0.3,NA,"0.5","0","0.5","0","0.5","0","0.5","1","0.5",3.3
12," BAZAROVA Vera / LARIONOV Yuri","RUS",7,56.54,31.74,24.8,NA,"ee","SlSt2",2.3,0,0.2,NA,"0","0.5","0","0","0","0","0.5","0.5","0.5",2.5
12," BAZAROVA Vera / LARIONOV Yuri","RUS",7,56.54,31.74,24.8,NA,"ee","PCoSp2",3.5,0,0.2,NA,"0","0.5","0","0.5","0","0","0","0.5","0.5",3.7
12," BAZAROVA Vera / LARIONOV Yuri","RUS",7,56.54,31.74,24.8,NA,"pc","Skating Skills",NA,NA,NA,0.8,"5.50","6.25","6.00","6.50","5.25","5.75","6.75","7.00","7.00",6.25
12," BAZAROVA Vera / LARIONOV Yuri","RUS",7,56.54,31.74,24.8,NA,"pc","Transitions / Linking Footwork",NA,NA,NA,0.8,"4.50","5.75","5.50","6.25","5.00","5.50","6.50","6.50","6.75",5.9
12," BAZAROVA Vera / LARIONOV Yuri","RUS",7,56.54,31.74,24.8,NA,"pc","Performance / Execution",NA,NA,NA,0.8,"5.00","6.50","6.00","6.75","5.25","5.75","6.50","6.25","7.00",6.3
12," BAZAROVA Vera / LARIONOV Yuri","RUS",7,56.54,31.74,24.8,NA,"pc","Choreography / Composition",NA,NA,NA,0.8,"4.75","6.50","6.00","6.75","5.50","5.75","6.75","6.50","7.25",6.35
12," BAZAROVA Vera / LARIONOV Yuri","RUS",7,56.54,31.74,24.8,NA,"pc","Interpretation",NA,NA,NA,0.8,"5.00","6.25","6.00","6.75","5.00","5.75","6.25","6.25","7.00",6.2
12," BAZAROVA Vera / LARIONOV Yuri","RUS",7,56.54,31.74,24.8,0,"ded",NA,NA,NA,NA,NA,NA,NA,NA,NA,NA,NA,NA,NA,NA,NA
13," MORAND Anais / DORSAZ Antoine","SUI",13,55.34,32.7,22.64,NA,"ee","3LoTh",5,0,0.98,NA,"1.4","0.7","1.4","1.4","0.7","0.7","0.7","0.7","1.4",5.98
13," MORAND Anais / DORSAZ Antoine","SUI",13,55.34,32.7,22.64,NA,"ee","4Li3",3.5,0,0.4,NA,"1","0.5","0","0.5","0.5","0.5","0","0.5","1",3.9
13," MORAND Anais / DORSAZ Antoine","SUI",13,55.34,32.7,22.64,NA,"ee","2LzTw2",3.5,0,0,NA,"0.5","0","0","0","0","0","0","0","0.5",3.5
13," MORAND Anais / DORSAZ Antoine","SUI",13,55.34,32.7,22.64,NA,"ee","2A",3.5,0,0.4,NA,"1","1","0","0","1","0","0","1","1",3.9
13," MORAND Anais / DORSAZ Antoine","SUI",13,55.34,32.7,22.64,NA,"ee","FCCoSp4",3.5,0,0.2,NA,"1","-0.3","-0.3","0.5","0","0","0","0.5","0.5",3.7
13," MORAND Anais / DORSAZ Antoine","SUI",13,55.34,32.7,22.64,NA,"ee","PCoSp4",4.5,0,0,NA,"0.5","0.5","0","0","0","0.5","0","0","0",4.5
13," MORAND Anais / DORSAZ Antoine","SUI",13,55.34,32.7,22.64,NA,"ee","SlSt2",2.3,0,0,NA,"0","0","0","0","0","0","0.5","0","0",2.3
13," MORAND Anais / DORSAZ Antoine","SUI",13,55.34,32.7,22.64,NA,"ee","BoDs4",4.5,0,0.42,NA,"0.7","0.7","0","0.7","0","0","0.7","0.7","0.7",4.92
13," MORAND Anais / DORSAZ Antoine","SUI",13,55.34,32.7,22.64,NA,"pc","Skating Skills",NA,NA,NA,0.8,"6.00","5.75","5.50","6.00","5.75","5.50","5.75","6.25","6.25",5.85
13," MORAND Anais / DORSAZ Antoine","SUI",13,55.34,32.7,22.64,NA,"pc","Transitions / Linking Footwork",NA,NA,NA,0.8,"6.00","5.25","5.00","5.50","4.50","5.25","5.25","6.00","6.00",5.4
13," MORAND Anais / DORSAZ Antoine","SUI",13,55.34,32.7,22.64,NA,"pc","Performance / Execution",NA,NA,NA,0.8,"6.25","6.25","5.50","6.25","5.00","5.50","5.50","6.25","6.75",5.8
13," MORAND Anais / DORSAZ Antoine","SUI",13,55.34,32.7,22.64,NA,"pc","Choreography / Composition",NA,NA,NA,0.8,"6.50","6.00","5.25","5.75","5.25","5.75","5.75","6.25","6.50",5.75
13," MORAND Anais / DORSAZ Antoine","SUI",13,55.34,32.7,22.64,NA,"pc","Interpretation",NA,NA,NA,0.8,"6.25","5.75","5.00","5.50","4.75","5.50","5.25","6.25","6.50",5.5
13," MORAND Anais / DORSAZ Antoine","SUI",13,55.34,32.7,22.64,0,"ded",NA,NA,NA,NA,NA,NA,NA,NA,NA,NA,NA,NA,NA,NA,NA
14," DENNEY Caydee / BARRETT Jeremy","USA",4,53.26,29.86,23.4,NA,"ee","3LzTw1",5,0,0,NA,"0","0.7","0","0.7","1.4","0","-0.7","0","0",5
14," DENNEY Caydee / BARRETT Jeremy","USA",4,53.26,29.86,23.4,NA,"ee","2T",1.3,0,-0.6,NA,"-0.6","-0.6","-0.6","-0.6","-0.6","-0.6","-0.6","-0.6","-0.6",0.7
14," DENNEY Caydee / BARRETT Jeremy","USA",4,53.26,29.86,23.4,NA,"ee","3LzTh",5.5,0,0.7,NA,"0.7","0.7","0.7","0.7","1.4","0.7","0.7","0.7","0",6.2
14," DENNEY Caydee / BARRETT Jeremy","USA",4,53.26,29.86,23.4,NA,"ee","BoDs1",3,0,-0.14,NA,"-0.7","0","0","0","0.7","0","0","-0.7","0",2.86
14," DENNEY Caydee / BARRETT Jeremy","USA",4,53.26,29.86,23.4,NA,"ee","FCCoSp3",3,0,0.6,NA,"1","0.5","0.5","1","1","0.5","0.5","0.5","1",3.6
14," DENNEY Caydee / BARRETT Jeremy","USA",4,53.26,29.86,23.4,NA,"ee","4Li4",4,0,0.1,NA,"0.5","0","0","0","0.5","0.5","0","0","0",4.1
14," DENNEY Caydee / BARRETT Jeremy","USA",4,53.26,29.86,23.4,NA,"ee","SlSt2",2.3,0,0.1,NA,"0.5","0.5","0","0","0","0","0","0","0",2.4
14," DENNEY Caydee / BARRETT Jeremy","USA",4,53.26,29.86,23.4,NA,"ee","PCoSp4",4.5,0,0.5,NA,"0.5","0.5","0.5","1","1","0.5","1","0.5","0.5",5
14," DENNEY Caydee / BARRETT Jeremy","USA",4,53.26,29.86,23.4,NA,"pc","Skating Skills",NA,NA,NA,0.8,"5.75","6.25","5.50","6.00","6.25","6.00","6.25","6.25","5.75",6
14," DENNEY Caydee / BARRETT Jeremy","USA",4,53.26,29.86,23.4,NA,"pc","Transitions / Linking Footwork",NA,NA,NA,0.8,"5.25","6.00","4.75","5.25","6.00","5.75","5.50","6.00","5.50",5.6
14," DENNEY Caydee / BARRETT Jeremy","USA",4,53.26,29.86,23.4,NA,"pc","Performance / Execution",NA,NA,NA,0.8,"5.50","6.00","5.75","5.75","6.25","6.25","6.00","6.50","5.75",5.95
14," DENNEY Caydee / BARRETT Jeremy","USA",4,53.26,29.86,23.4,NA,"pc","Choreography / Composition",NA,NA,NA,0.8,"5.75","6.25","4.75","5.75","6.75","6.00","6.00","6.25","5.75",5.95
14," DENNEY Caydee / BARRETT Jeremy","USA",4,53.26,29.86,23.4,NA,"pc","Interpretation",NA,NA,NA,0.8,"5.50","6.00","5.00","5.75","6.50","5.75","5.75","6.50","5.75",5.75
14," DENNEY Caydee / BARRETT Jeremy","USA",4,53.26,29.86,23.4,0,"ded",NA,NA,NA,NA,NA,NA,NA,NA,NA,NA,NA,NA,NA,NA,NA
15," JAMES Vanessa / BONHEUR Yannick","FRA",6,51.16,28.56,22.6,NA,"ee","2S",1.3,0,-0.06,NA,"-1","0","-0.3","0","0","0","0","0","0",1.24
15," JAMES Vanessa / BONHEUR Yannick","FRA",6,51.16,28.56,22.6,NA,"ee","3LzTw1",5,0,-1.12,NA,"-1.4","-0.7","-1.4","-0.7","-1.4","-0.7","-1.4","-0.7","-2",3.88
15," JAMES Vanessa / BONHEUR Yannick","FRA",6,51.16,28.56,22.6,NA,"ee","3STh",4.5,0,0.7,NA,"0","0.7","0","1.4","0.7","0.7","0","1.4","1.4",5.2
15," JAMES Vanessa / BONHEUR Yannick","FRA",6,51.16,28.56,22.6,NA,"ee","FCCoSp4",3.5,0,0.2,NA,"0","0","0","1","-0.3","0.5","0.5","0.5","0.5",3.7
15," JAMES Vanessa / BONHEUR Yannick","FRA",6,51.16,28.56,22.6,NA,"ee","4Li4",4,0,0.5,NA,"0.5","0.5","0.5","0.5","0","0.5","0.5","0.5","0.5",4.5
15," JAMES Vanessa / BONHEUR Yannick","FRA",6,51.16,28.56,22.6,NA,"ee","BoDs1",3,0,-0.56,NA,"-0.7","-0.7","0","0","-0.7","-0.7","0","0","-0.7",2.44
15," JAMES Vanessa / BONHEUR Yannick","FRA",6,51.16,28.56,22.6,NA,"ee","SlSt3",3.3,0,0.3,NA,"0.5","0.5","0","1","0","0.5","0","0","0.5",3.6
15," JAMES Vanessa / BONHEUR Yannick","FRA",6,51.16,28.56,22.6,NA,"ee","PCoSp3",4,0,0,NA,"0","0","0","0.5","0","0","0","0","0",4
15," JAMES Vanessa / BONHEUR Yannick","FRA",6,51.16,28.56,22.6,NA,"pc","Skating Skills",NA,NA,NA,0.8,"6.00","5.50","5.25","6.50","5.25","6.00","5.50","6.00","6.00",5.75
15," JAMES Vanessa / BONHEUR Yannick","FRA",6,51.16,28.56,22.6,NA,"pc","Transitions / Linking Footwork",NA,NA,NA,0.8,"5.50","5.25","5.00","6.00","5.00","5.75","5.25","5.50","5.75",5.4
15," JAMES Vanessa / BONHEUR Yannick","FRA",6,51.16,28.56,22.6,NA,"pc","Performance / Execution",NA,NA,NA,0.8,"5.50","5.50","5.25","6.25","5.00","6.25","5.50","5.75","6.50",5.65
15," JAMES Vanessa / BONHEUR Yannick","FRA",6,51.16,28.56,22.6,NA,"pc","Choreography / Composition",NA,NA,NA,0.8,"6.00","5.75","5.25","6.00","4.75","6.00","6.00","6.00","6.25",5.8
15," JAMES Vanessa / BONHEUR Yannick","FRA",6,51.16,28.56,22.6,NA,"pc","Interpretation",NA,NA,NA,0.8,"5.75","5.50","5.50","6.25","4.75","5.75","5.75","5.75","6.00",5.65
15," JAMES Vanessa / BONHEUR Yannick","FRA",6,51.16,28.56,22.6,0,"ded",NA,NA,NA,NA,NA,NA,NA,NA,NA,NA,NA,NA,NA,NA,NA
16," KEMP Stacey / KING David","GBR",12,48.28,27.72,20.56,NA,"ee","2LzTw2",3.5,0,0,NA,"0","1","0","0","1","0.5","0","0","0",3.5
16," KEMP Stacey / KING David","GBR",12,48.28,27.72,20.56,NA,"ee","2F",1.7,0,0,NA,"0","0","0","0","0","0","0","-0.3","0",1.7
16," KEMP Stacey / KING David","GBR",12,48.28,27.72,20.56,NA,"ee","3LoTh",5,0,0.42,NA,"0","0","0.7","0","0","0","0.7","0.7","0.7",5.42
16," KEMP Stacey / KING David","GBR",12,48.28,27.72,20.56,NA,"ee","SlSt2",2.3,0,0,NA,"0","0","0","0","0","0","0","0","0",2.3
16," KEMP Stacey / KING David","GBR",12,48.28,27.72,20.56,NA,"ee","PCoSp4",4.5,0,0,NA,"0","0.5","0","0","0","0","0","0","0",4.5
16," KEMP Stacey / KING David","GBR",12,48.28,27.72,20.56,NA,"ee","FCCoSp3",3,0,0,NA,"0","0","-0.3","0","0","0","0","0","0",3
16," KEMP Stacey / KING David","GBR",12,48.28,27.72,20.56,NA,"ee","4Li4",4,0,-0.2,NA,"-0.5","0.5","0","-0.5","0","-0.5","0.5","0","-0.5",3.8
16," KEMP Stacey / KING David","GBR",12,48.28,27.72,20.56,NA,"ee","BoDs2",3.5,0,0,NA,"0","0.7","0","0","0","0","0.7","0","0",3.5
16," KEMP Stacey / KING David","GBR",12,48.28,27.72,20.56,NA,"pc","Skating Skills",NA,NA,NA,0.8,"5.25","6.25","5.00","4.75","5.00","4.50","6.00","5.00","6.00",5.25
16," KEMP Stacey / KING David","GBR",12,48.28,27.72,20.56,NA,"pc","Transitions / Linking Footwork",NA,NA,NA,0.8,"5.00","5.75","4.75","4.00","4.75","4.75","6.00","4.75","5.25",4.9
16," KEMP Stacey / KING David","GBR",12,48.28,27.72,20.56,NA,"pc","Performance / Execution",NA,NA,NA,0.8,"5.25","6.00","5.25","4.75","4.50","5.00","6.25","5.25","5.75",5.25
16," KEMP Stacey / KING David","GBR",12,48.28,27.72,20.56,NA,"pc","Choreography / Composition",NA,NA,NA,0.8,"5.25","5.75","4.75","4.50","4.75","5.25","6.00","5.00","6.00",5.15
16," KEMP Stacey / KING David","GBR",12,48.28,27.72,20.56,NA,"pc","Interpretation",NA,NA,NA,0.8,"5.00","6.00","5.00","4.00","5.00","5.00","6.25","5.00","5.75",5.15
16," KEMP Stacey / KING David","GBR",12,48.28,27.72,20.56,0,"ded",NA,NA,NA,NA,NA,NA,NA,NA,NA,NA,NA,NA,NA,NA,NA
17," HAUSCH Maylin / WENDE Daniel","GER",5,45.46,23.54,21.92,NA,"ee","2LzTw3",4,0,0.2,NA,"0.5","0","0","0.5","0.5","0","0","0","0.5",4.2
17," HAUSCH Maylin / WENDE Daniel","GER",5,45.46,23.54,21.92,NA,"ee","3STh",4.5,0,-1.12,NA,"-1.4","-1.4","-1.4","-0.7","-0.7","-0.7","-1.4","-1.4","-1.4",3.38
17," HAUSCH Maylin / WENDE Daniel","GER",5,45.46,23.54,21.92,NA,"ee","4Li4",4,0,0.2,NA,"0","0","0","0.5","0.5","0.5","0","0","0",4.2
17," HAUSCH Maylin / WENDE Daniel","GER",5,45.46,23.54,21.92,NA,"ee","2S",1.3,0,-0.06,NA,"0","0","0","-0.3","0","0","0","0","-0.6",1.24
17," HAUSCH Maylin / WENDE Daniel","GER",5,45.46,23.54,21.92,NA,"ee","SlSt3",3.3,0,0.3,NA,"0.5","0.5","0","0.5","0","0.5","0","0.5","0.5",3.6
17," HAUSCH Maylin / WENDE Daniel","GER",5,45.46,23.54,21.92,NA,"ee","FCCoSp4",3.5,0,0,NA,"0.5","0","0","0.5","0","0","0","0.5","0",3.5
17," HAUSCH Maylin / WENDE Daniel","GER",5,45.46,23.54,21.92,NA,"ee","BoDs1",3,0,0.42,NA,"0.7","0","0","0.7","1.4","0.7","0.7","1.4","0",3.42
17," HAUSCH Maylin / WENDE Daniel","GER",5,45.46,23.54,21.92,NA,"ee","PCoSp",0,0,0,NA,"0","0","0","0","0","0","0","0","0",0
17," HAUSCH Maylin / WENDE Daniel","GER",5,45.46,23.54,21.92,NA,"pc","Skating Skills",NA,NA,NA,0.8,"6.00","5.00","5.25","6.00","5.75","5.75","5.75","6.00","5.50",5.6
17," HAUSCH Maylin / WENDE Daniel","GER",5,45.46,23.54,21.92,NA,"pc","Transitions / Linking Footwork",NA,NA,NA,0.8,"5.75","5.25","5.00","5.75","5.50","4.25","5.25","5.25","5.25",5.25
17," HAUSCH Maylin / WENDE Daniel","GER",5,45.46,23.54,21.92,NA,"pc","Performance / Execution",NA,NA,NA,0.8,"5.50","5.50","5.25","5.50","6.50","4.75","5.25","5.75","5.25",5.35
17," HAUSCH Maylin / WENDE Daniel","GER",5,45.46,23.54,21.92,NA,"pc","Choreography / Composition",NA,NA,NA,0.8,"6.00","5.50","5.50","5.75","5.75","4.50","5.50","6.00","5.50",5.55
17," HAUSCH Maylin / WENDE Daniel","GER",5,45.46,23.54,21.92,NA,"pc","Interpretation",NA,NA,NA,0.8,"5.50","5.50","5.25","6.00","6.25","5.75","5.50","6.00","5.50",5.65
17," HAUSCH Maylin / WENDE Daniel","GER",5,45.46,23.54,21.92,0,"ded",NA,NA,NA,NA,NA,NA,NA,NA,NA,NA,NA,NA,NA,NA,NA
18," SERGEJEVA Maria / GLEBOV Ilja","EST",2,42.18,23.7,19.48,NA,"ee","2LzTw1",3,0,0.2,NA,"1","0","0.5","1","0.5","0","0","0","0",3.2
18," SERGEJEVA Maria / GLEBOV Ilja","EST",2,42.18,23.7,19.48,NA,"ee","3LoTh",5,0,-2,NA,"-2","-2","-2","-2","-2","-2","-2","-2","-2",3
18," SERGEJEVA Maria / GLEBOV Ilja","EST",2,42.18,23.7,19.48,NA,"ee","2A",3.5,0,-1.6,NA,"-2.5","-1.6","-1.6","-1.6","-1.6","-1.6","-1.6","-1.6","-1.6",1.9
18," SERGEJEVA Maria / GLEBOV Ilja","EST",2,42.18,23.7,19.48,NA,"ee","BoDs1",3,0,-0.14,NA,"-1.4","-0.7","0","0","0.7","0","0","0","0",2.86
18," SERGEJEVA Maria / GLEBOV Ilja","EST",2,42.18,23.7,19.48,NA,"ee","PCoSp3",4,0,0,NA,"0","0","0","0","0","0","-0.3","0","0",4
18," SERGEJEVA Maria / GLEBOV Ilja","EST",2,42.18,23.7,19.48,NA,"ee","4Li3",3.5,0,0,NA,"0","0","0","0.5","0","0","0","0.5","0",3.5
18," SERGEJEVA Maria / GLEBOV Ilja","EST",2,42.18,23.7,19.48,NA,"ee","FCCoSp4",3.5,0,-0.06,NA,"0","0","-0.3","0.5","0","-0.3","0","0.5","-0.6",3.44
18," SERGEJEVA Maria / GLEBOV Ilja","EST",2,42.18,23.7,19.48,NA,"ee","SlSt1",1.8,0,0,NA,"0.5","0","0","0","0","0","0","0","0",1.8
18," SERGEJEVA Maria / GLEBOV Ilja","EST",2,42.18,23.7,19.48,NA,"pc","Skating Skills",NA,NA,NA,0.8,"5.25","4.75","5.25","5.75","5.25","4.75","4.25","5.25","5.25",5.15
18," SERGEJEVA Maria / GLEBOV Ilja","EST",2,42.18,23.7,19.48,NA,"pc","Transitions / Linking Footwork",NA,NA,NA,0.8,"5.25","4.00","4.75","5.25","4.75","4.00","4.00","5.00","4.50",4.6
18," SERGEJEVA Maria / GLEBOV Ilja","EST",2,42.18,23.7,19.48,NA,"pc","Performance / Execution",NA,NA,NA,0.8,"4.75","5.00","4.75","5.25","4.75","4.50","4.25","5.25","5.00",4.85
18," SERGEJEVA Maria / GLEBOV Ilja","EST",2,42.18,23.7,19.48,NA,"pc","Choreography / Composition",NA,NA,NA,0.8,"5.25","4.50","5.00","5.50","5.00","4.50","4.25","5.50","5.25",5
18," SERGEJEVA Maria / GLEBOV Ilja","EST",2,42.18,23.7,19.48,NA,"pc","Interpretation",NA,NA,NA,0.8,"4.75","4.25","5.00","5.00","5.00","5.00","4.25","5.00","4.75",4.75
18," SERGEJEVA Maria / GLEBOV Ilja","EST",2,42.18,23.7,19.48,-1,"ded",NA,NA,NA,NA,NA,NA,NA,NA,NA,NA,NA,NA,NA,NA,NA
19," KOSTENKO Ekaterina / TALAN Roman","UKR",10,39.54,21.74,18.8,NA,"ee","2A",3.5,0,-2.5,NA,"-2.5","-2.5","-2.5","-2.5","-2.5","-2.5","-2.5","-2.5","-2.5",1
19," KOSTENKO Ekaterina / TALAN Roman","UKR",10,39.54,21.74,18.8,NA,"ee","2LzTw1",3,0,0,NA,"0","0","0","0","0","0","0","0","0",3
19," KOSTENKO Ekaterina / TALAN Roman","UKR",10,39.54,21.74,18.8,NA,"ee","3LzTh",5.5,0,-0.84,NA,"-0.7","-0.7","0","-1.4","-1.4","-1.4","0","-1.4","-1.4",4.66
19," KOSTENKO Ekaterina / TALAN Roman","UKR",10,39.54,21.74,18.8,NA,"ee","4Li3",3.5,0,-0.2,NA,"0","0","-0.5","-1","-0.5","-0.5","0","-0.5","0",3.3
19," KOSTENKO Ekaterina / TALAN Roman","UKR",10,39.54,21.74,18.8,NA,"ee","FCCoSp2",2.5,0,0.1,NA,"0","0","0","0.5","0.5","0","0.5","0.5","0",2.6
19," KOSTENKO Ekaterina / TALAN Roman","UKR",10,39.54,21.74,18.8,NA,"ee","SlSt1",1.8,0,0,NA,"0","0","0","0","0","-0.3","0","0","0",1.8
19," KOSTENKO Ekaterina / TALAN Roman","UKR",10,39.54,21.74,18.8,NA,"ee","BoDs1",3,0,-1.12,NA,"-0.7","-0.7","-1.4","-0.7","-0.7","-1.4","0","-1.4","-1.4",1.88
19," KOSTENKO Ekaterina / TALAN Roman","UKR",10,39.54,21.74,18.8,NA,"ee","PCoSp2",3.5,0,0,NA,"0","0","0","0.5","0.5","0","0","0","0",3.5
19," KOSTENKO Ekaterina / TALAN Roman","UKR",10,39.54,21.74,18.8,NA,"pc","Skating Skills",NA,NA,NA,0.8,"5.25","4.75","4.75","5.00","5.75","4.50","5.50","4.50","5.00",4.85
19," KOSTENKO Ekaterina / TALAN Roman","UKR",10,39.54,21.74,18.8,NA,"pc","Transitions / Linking Footwork",NA,NA,NA,0.8,"4.50","4.50","4.25","4.25","5.25","4.00","5.25","4.75","4.50",4.5
19," KOSTENKO Ekaterina / TALAN Roman","UKR",10,39.54,21.74,18.8,NA,"pc","Performance / Execution",NA,NA,NA,0.8,"5.25","4.50","4.25","4.50","5.75","4.25","5.75","4.50","4.75",4.65
19," KOSTENKO Ekaterina / TALAN Roman","UKR",10,39.54,21.74,18.8,NA,"pc","Choreography / Composition",NA,NA,NA,0.8,"4.75","4.75","4.50","5.00","5.50","4.25","5.50","5.00","5.25",4.85
19," KOSTENKO Ekaterina / TALAN Roman","UKR",10,39.54,21.74,18.8,NA,"pc","Interpretation",NA,NA,NA,0.8,"4.75","4.75","4.50","4.75","5.50","4.00","5.50","4.50","4.75",4.65
19," KOSTENKO Ekaterina / TALAN Roman","UKR",10,39.54,21.74,18.8,-1,"ded",NA,NA,NA,NA,NA,NA,NA,NA,NA,NA,NA,NA,NA,NA,NA
20," SULEJ Joanna / CHRUSCINSKI Mateusz","POL",3,39.3,23.26,18.04,NA,"ee","1A",0.8,0,-0.5,NA,"-0.5","-0.5","-0.5","-0.5","-0.5","-0.5","-0.5","-0.5","-0.5",0.3
20," SULEJ Joanna / CHRUSCINSKI Mateusz","POL",3,39.3,23.26,18.04,NA,"ee","2FTw3",4,0,-0.06,NA,"-0.6","0","0","0","0","0","0","-0.6","-0.3",3.94
20," SULEJ Joanna / CHRUSCINSKI Mateusz","POL",3,39.3,23.26,18.04,NA,"ee","3STh",4.5,0,-2,NA,"-2","-2","-2","-2","-2","-2","-2","-2","-2",2.5
20," SULEJ Joanna / CHRUSCINSKI Mateusz","POL",3,39.3,23.26,18.04,NA,"ee","CCoSp4",3.5,0,-0.18,NA,"-0.3","-0.3","0","-0.3","0","0","0","-0.6","-0.3",3.32
20," SULEJ Joanna / CHRUSCINSKI Mateusz","POL",3,39.3,23.26,18.04,NA,"ee","4Li4",4,0,0,NA,"-0.5","0","0","0","0","0","0","0","0",4
20," SULEJ Joanna / CHRUSCINSKI Mateusz","POL",3,39.3,23.26,18.04,NA,"ee","BoDs1",3,0,-0.7,NA,"-0.7","-0.7","-1.4","-0.7","-0.7","0","-0.7","0","-0.7",2.3
20," SULEJ Joanna / CHRUSCINSKI Mateusz","POL",3,39.3,23.26,18.04,NA,"ee","SlSt2",2.3,0,0.1,NA,"0","0","0.5","0","0.5","0.5","0","0.5","0",2.4
20," SULEJ Joanna / CHRUSCINSKI Mateusz","POL",3,39.3,23.26,18.04,NA,"ee","PCoSp4",4.5,0,0,NA,"0","0","0","0","0","-0.3","0","-0.3","0",4.5
20," SULEJ Joanna / CHRUSCINSKI Mateusz","POL",3,39.3,23.26,18.04,NA,"pc","Skating Skills",NA,NA,NA,0.8,"4.25","4.50","5.00","4.75","5.25","4.75","5.00","4.25","4.75",4.75
20," SULEJ Joanna / CHRUSCINSKI Mateusz","POL",3,39.3,23.26,18.04,NA,"pc","Transitions / Linking Footwork",NA,NA,NA,0.8,"3.75","4.25","5.00","4.25","4.75","4.25","4.75","4.00","3.75",4.25
20," SULEJ Joanna / CHRUSCINSKI Mateusz","POL",3,39.3,23.26,18.04,NA,"pc","Performance / Execution",NA,NA,NA,0.8,"4.00","4.25","4.25","4.25","4.75","4.25","5.00","3.50","5.00",4.4
20," SULEJ Joanna / CHRUSCINSKI Mateusz","POL",3,39.3,23.26,18.04,NA,"pc","Choreography / Composition",NA,NA,NA,0.8,"4.25","4.50","4.75","4.75","5.00","4.50","5.25","4.50","4.25",4.55
20," SULEJ Joanna / CHRUSCINSKI Mateusz","POL",3,39.3,23.26,18.04,NA,"pc","Interpretation",NA,NA,NA,0.8,"4.75","4.00","4.50","4.50","5.00","4.50","5.00","4.00","4.75",4.6
20," SULEJ Joanna / CHRUSCINSKI Mateusz","POL",3,39.3,23.26,18.04,-2,"ded",NA,NA,NA,NA,NA,NA,NA,NA,NA,NA,NA,NA,NA,NA,NA
